document_id,event_id,event_title,source_id,author,text,url,relevant,cause
01M3EHF5C8HDDQ2CFVRN16QJ30,01M2ZEKKSQ9MTXN9BXG24M2V91,Earthquake in Chile,mastodon,biobiochile@mastodon.cl,"📰 Sismo de magnitud 5,3 se percibe en la zona norte de Chile 🔗 https://www.biobiochile.cl/noticias/nacional/region-de-antofagasta/2026/09/21/sismo-de-magnitud-53-se-percibe-en-la-zona-norte-de-chile.shtml #sismo #chile #norte #terremoto",https://mastodon.cl/@biobiochile/117309272622558281,,
01M3EHF5STPTHXC862Q5XV34BZ,01M2ZEKKSQ9MTXN9BXG24M2V91,Earthquake in Chile,mastodon,biobiochile@mastodon.cl,📰 Sismo de magnitud 4.4 sacude la región de Antofagasta 🔗 https://www.biobiochile.cl/noticias/nacional/region-de-antofagasta/2026/09/17/sismo-de-magnitud-4-4-sacude-la-region-de-antofagasta.shtml #sismoenchile #antofagasta #terremoto #chile,https://mastodon.cl/@biobiochile/117289336266164162,,
01M3EHF4XQQ4QYV5PCSZ2PQKCZ,01M3D4QD048KDZHYCJBXM5JTZD,Earthquake in Colombia,mastodon,earthalerts,"📍 25 km W of Roncesvalles, Colombia 🕐 Sat 26 Sep 2026 06:38 UTC 🌍 M4.6 Earthquake 🟢 Light 📊 Magnitude: 4.6 📏 Depth: 10 km — Shallow 🗺️ 4.018, -75.8315 🔗 https://earthquake.usgs.gov/earthquakes/eventpage/us6000txrj #Earthquake #Seismic #EarthAlerts #DisasterAlert #BreakingNews #Environment #Nature #Science #Survival #Roncesvalles #Colombia",https://mastodon.social/@earthalerts/117336048336549165,,
01M3EHF4XRT4FA87CKGSJ9H32R,01M3D4QD048KDZHYCJBXM5JTZD,Earthquake in Colombia,mastodon,earthquake_monitor@mstdn.social,"New #earthquake detected: M 4.6 - 25 km W of Roncesvalles, #Colombia 2026/09/26, 06:38:19 UTC GPS: 4.0180, -75.8315 Depth: 10.000 km 🔗 https://earthquake.usgs.gov/earthquakes/eventpage/us6000txrj",https://mstdn.social/@earthquake_monitor/117336047734906695,,
01M3EHF4XRT4FA87CKGSJ9H32T,01M3D4QD048KDZHYCJBXM5JTZD,Earthquake in Colombia,mastodon,NCSeismicobserv,"8 minutes 27 seconds ago - Colombia mB 4.9 3.95N 75.82W 139km 2026/09/26 06:38:24 - Event has not yet been reviewed by a seismologist. For subsequent updates and details, please see http://seisme.nc/fr/component/alertes/?ids=ird2026sylver #séisme #earthquake #sismo #지진 #地震",https://mastodon.social/@NCSeismicobserv/117335994583507638,,
01M3EHF4XRT4FA87CKGSJ9H32V,01M3D4QD048KDZHYCJBXM5JTZD,Earthquake in Colombia,mastodon,lastquake@masto.ai,"#Earthquake (#sismo) possibly felt 5 sec ago in #Colombia (detected from https://sismo.app/). Felt it? Tell us via: 📱https://m.emsc.eu/#app 🌐https://m.emsc.eu 🖥https://www.emsc-csem.org ⚠ Automatic crowdsourced detection, not seismically verified yet. More info soon!",https://masto.ai/@lastquake/117335963841038330,,
01M3EHF5APFKB2FQ7V1KPX77BG,01M3D4QCZYB9AXJMTDPH4WRH2W,Earthquake in Colombia,mastodon,OSM_Colombia@en.osm.town,Proyectos de respuesta al temblor: https://tasks.hotosm.org/explore?campaign=2026+Colombia+Earthquake Tu también puedes mapear en #OpenStreetMap. Aprende en https://learnosm.org/es/beginner/ Ayúdanos a difundir para que más personas nos apoyen. #terremoto,https://en.osm.town/@OSM_Colombia/117299819545718318,,
01M3EHF5N0Y2J4ZN1GDQCMPPNZ,01M2ZEKKSSRD9JS1E5Y9W1M8V2,Earthquake in Colombia,mastodon,OSM_Colombia@en.osm.town,"Para mapear en las zonas afectadas por el terremoto de El Palmar, puedes usar este estilo de mapa - MapCSS en JOSM para asegurarte que las construcciones afectadas quedan bien etiquetadas. https://tasks.hotosm.org/explore?campaign=2026+Colombia+Earthquake&omitMapResults=1 #OpenStreetMap #Terremoto",https://en.osm.town/@OSM_Colombia/117294629962445079,,
01M3EHF5S04E83CG108Y9CCZG1,01M2ZEKKSMM6Z10JNN24AG81EJ,Earthquake in Colombia,mastodon,donporque,¿Por qué vuelve a temblar Colombia? Cinco sismos sacuden el Chocó #Colombia #Chocó #Sismo #Temblor #Terremoto #EnjambreSísmico #SismosColombia #Cali #NoticiasColombia #ÚltimaHora #SGC #Emergencias #felizjueves #17deseptiembre https://donporque.com/enjambre-sismico-en-choco-colombia/,https://mastodon.social/@donporque/117283186767499374,,
01M3EHF5S04E83CG108Y9CCZG2,01M2ZEKKSG1S3QFHJP95KA93WC,Earthquake in Colombia,mastodon,cooperativa@mastodon.cl,📰 Recaudación del Colombia vs. Chile en Cali será para damnificados por el terremoto 🔗 https://www.cooperativa.cl/noticias/deportes/futbol/seleccion-chilena/recaudacion-del-colombia-vs-chile-en-cali-sera-para-damnificados-por-el/2026-09-14/205351.html #colombiavschile #terremoto #calificacion,https://mastodon.cl/@cooperativa/117275307661226333,,
01M3EHF5S1Q9WPW1APWDVDET49,01M2ZEKKSG1S3QFHJP95KA93WC,Earthquake in Colombia,mastodon,cnnchile@mastodon.cl,📰 Chile y Colombia jugarán partido amistoso y donarán ganancias a los afectados por el terremoto en Cali 🔗 https://www.cnnchile.com/mundo/chile-y-colombia-jugaran-partido-amistoso-y-donaran-ganancias-a-los-afectados-por-sismo-en-cali/ #futbol #amistoso #donacion #cali #terremoto,https://mastodon.cl/@cnnchile/117275068188395323,,
01M3EHF5S1Q9WPW1APWDVDET4A,01M2ZEKKSDD5GVMWKH94E6H05Q,Earthquake in Colombia,mastodon,cooperativa@mastodon.cl,📰 Recaudación del Colombia vs. Chile en Cali irá en ayuda de damnificados por el terremoto 🔗 https://www.cooperativa.cl/noticias/deportes/futbol/seleccion-chilena/recaudacion-del-colombia-vs-chile-en-cali-ira-en-ayuda-de-damnificados/2026-09-14/205351.html #colombiachile #recaudacion #terremoto #chile,https://mastodon.cl/@cooperativa/117274598074492583,,
01M3EHF5S1Q9WPW1APWDVDET4C,01M2ZEKKSG1S3QFHJP95KA93WC,Earthquake in Colombia,mastodon,elnacional.com@web.brid.gy,Colombia jugará con Chile un partido benéfico por las víctimas del terremoto https://fed.brid.gy/r/https://www.elnacional.com/2026/09/colombia-jugara-con-chile-un-partido-benefico-por-las-victimas-del-terremoto/,https://fed.brid.gy/r/https://www.elnacional.com/2026/09/colombia-jugara-con-chile-un-partido-benefico-por-las-victimas-del-terremoto/,,
01M3EHF5N6B39GE05EPTRJR0WH,01M2ZEKKSP580H52VMM5V6FKYT,Earthquake in Puerto Rico,mastodon,quakes@bots.krohsnest.com,"Md 2.79 earthquake (reviewed) occurred at 2026-09-26T05:35:09 UTC, 8 km NNE of Tierras Nuevas Poniente, Puerto Rico #quake #earthquake #tierrasnuevasponiente #puertorico https://earthquake.usgs.gov/earthquakes/eventpage/pr71534718",https://bots.krohsnest.com/@quakes/117335921542860309,,
01M3EHEY7M2NY57AWTEAS45TER,01M2ZEKKQD43NM5XS2JK6Y1DZ0,Flood in Mexico,mastodon,flashflood_bot@m.ai6yr.org,"#NWS #flood #nwsflashflood #FlashFloodWarning Flash Flood Warning for Curry, NM; Roosevelt, NM #NMwx The threat for heavy rain and flash flooding has diminished for now but another round of thunderstorms is developing and may impact areas around Broadview and Bellview. Additional Flash Flood Warning may be needed. Please continue to heed any remaining road closures. A Flood Watch remains in effect until 1200 AM MDT for portions of central, east central, and southeast New Mexico.",https://m.ai6yr.org/@flashflood_bot/117335655004252352,,
01M3EHEY7M2NY57AWTEAS45TES,01M2ZEKKQD43NM5XS2JK6Y1DZ0,Flood in Mexico,mastodon,flashflood_bot@m.ai6yr.org,"#NWS #flood #nwsflashflood #FlashFloodWarning Flash Flood Warning for Socorro, NM #NMwx FFWABQ The National Weather Service in Albuquerque has extended the * Flash Flood Warning for... Central Socorro County in central New Mexico... * Until 115 AM MDT. * At 1022 PM MDT, trained weather spotters reported thunderstorms producing heavy rain in northern Socorro. Up to 6 inches of rain have fallen near and just west of the Socorro area. Additional rainfall amounts up to 1.5 inches are possible in the warned area. Flash flooding is already occurring. FLASH FLOOD EMERGENCY for Socorro and Luis Lopez. This is a PARTICULARLY DANGEROUS SITUATION. SEEK HIGHER GROUND NOW! HAZARD...Life threatening flash flooding. Thunderstorms producing flash flooding. SOURCE...Trained spotters reported. IMPACT...This is a PARTICULARLY DANGEROUS SITUATION. SEEK HIGHER GROUND NOW! Life threatening flash flooding of low water crossings, small creeks and streams, urban areas, highways, streets and underpasses. * Some locations that will experience flash flooding include... Socorro, Escondida, Lemitar, San Antonio, Luis Lopez and Laborcita. This includes the following highways... Highway 60 between Mile Markers 122 and 138. Interstate 25 between Mile Markers 139 and 158.",https://m.ai6yr.org/@flashflood_bot/117335466200634118,,
01M3EHEY7NWQMZGFVXJN92CRST,01M2ZEKKQD43NM5XS2JK6Y1DZ0,Flood in Mexico,mastodon,flashflood_bot@m.ai6yr.org,"#NWS #flood #nwsflashflood #FlashFloodWarning Flash Flood Warning for Socorro, NM #NMwx FFWABQ The National Weather Service in Albuquerque has extended the * Flash Flood Warning for... Central Socorro County in central New Mexico... * Until 1115 PM MDT. * At 931 PM MDT, trained weather spotters reported thunderstorms producing heavy rain in northern Socorro. Up to 4 inches of rain have fallen. Additional rainfall amounts up to 0.75 inches are possible in the warned area. Flash flooding is already occurring. HAZARD...Life threatening flash flooding. Thunderstorms producing flash flooding. SOURCE...Trained spotters reported. IMPACT...Life threatening flash flooding of creeks and streams, urban areas, highways, streets and underpasses. * Some locations that will experience flash flooding include... Socorro, Escondida, Lemitar, San Antonio, Luis Lopez and Laborcita. This includes the following highways... Highway 60 between Mile Markers 122 and 138. Interstate 25 between Mile Markers 139 and 158.",https://m.ai6yr.org/@flashflood_bot/117335277548868773,,
01M3EHEY7NWQMZGFVXJN92CRSV,01M2ZEKKQD43NM5XS2JK6Y1DZ0,Flood in Mexico,mastodon,flashflood_bot@m.ai6yr.org,"#NWS #flood #nwsflashflood #FlashFloodWarning Flash Flood Warning for Curry, NM; Roosevelt, NM #NMwx FFWABQ The National Weather Service in Albuquerque has issued a * Flash Flood Warning for... Eastern Curry County in east central New Mexico... East Central Roosevelt County in east central New Mexico... * Until 1115 PM MDT. * At 810 PM MDT, Doppler radar indicated thunderstorms producing heavy rain across the warned area. Up to 1 inch of rain has fallen. Additional rainfall amounts up to 1.5 inches are possible in the warned area. Flash flooding is ongoing or expected to begin shortly. HAZARD...Flash flooding caused by thunderstorms. SOURCE...Radar indicated. IMPACT...Flash flooding of small creeks and streams, urban areas, highways, streets and underpasses as well as other poor drainage and low-lying areas. * Some locations that will experience flash flooding include... Clovis, Ranchvale, Cannon Air Force Base, Saint Vrain, Oasis State Park, Broadview, Bellview, Portair and Pleasant Hill. This includes Highway 60 between Mile Markers 371 and 393.",https://m.ai6yr.org/@flashflood_bot/117334962895823913,,
01M3EHEY7NWQMZGFVXJN92CRSW,01M2ZEKKQD43NM5XS2JK6Y1DZ0,Flood in Mexico,mastodon,flashflood_bot@m.ai6yr.org,"#NWS #flood #nwsflashflood #FlashFloodWarning Flash Flood Warning for Socorro, NM #NMwx FFWABQ The National Weather Service in Albuquerque has extended the * Flash Flood Warning for... West Central Socorro County in central New Mexico... * Until 900 PM MDT. * At 755 PM MDT, trained weather spotters reported flash flooding on Highway 169 northwest of Magdalena. Up to 2.5 inches of rain have fallen. Flash flooding is ongoing. HAZARD...Flash flooding caused by thunderstorms. SOURCE...Trained spotters reported. IMPACT...Flash flooding of small creeks and streams, urban areas, highways, streets and underpasses as well as other poor drainage and low-lying areas. * Some locations that will experience flash flooding include... Magdalena and New Mexico Highway 169. This includes Highway 60 between Mile Markers 100 and 119.",https://m.ai6yr.org/@flashflood_bot/117334900257361563,,
01M3EHEY7PWJ471JB93ERTJ1XP,01M2ZEKKQD43NM5XS2JK6Y1DZ0,Flood in Mexico,mastodon,flashflood_bot@m.ai6yr.org,"#NWS #flood #nwsflashflood #FlashFloodWarning Flash Flood Warning for Guadalupe, NM; San Miguel, NM #NMwx FFWABQ The National Weather Service in Albuquerque has issued a * Flash Flood Warning for... Northwestern Guadalupe County in east central New Mexico... Southwestern San Miguel County in northeastern New Mexico... * Until 830 PM MDT. * At 532 PM MDT, Doppler radar indicated thunderstorms producing heavy rain across the warned area. Up to 1.5 inches of rain have fallen. Additional rainfall amounts up to 1 inch are possible in the warned area. Flash flooding is ongoing or expected to begin shortly. HAZARD...Flash flooding caused by thunderstorms. SOURCE...Radar indicated. IMPACT...Flash flooding of small creeks and streams, urban areas, highways, streets and underpasses as well as other poor drainage and low-lying areas. * Some locations that will experience flash flooding include... Anton Chico, Dilia, Villanueva State Park, Villanueva and Tecolotito.",https://m.ai6yr.org/@flashflood_bot/117334318188979966,,
01M3EHEY7Q8GYEA45YWRTQKC3Z,01M2ZEKKQD43NM5XS2JK6Y1DZ0,Flood in Mexico,mastodon,flashflood_bot@m.ai6yr.org,"#NWS #flood #nwsflashflood #FlashFloodWarning Flash Flood Warning for Socorro, NM #NMwx FFWABQ The National Weather Service in Albuquerque has issued a * Flash Flood Warning for... West Central Socorro County in central New Mexico... * Until 800 PM MDT. * At 505 PM MDT, Doppler radar indicated thunderstorms producing heavy rain across the warned area. Up to 2 inches of rain have fallen. The expected rainfall rate is 1 to 1.5 inches in 1 hour. Additional rainfall amounts up to 1 inch are possible in the warned area. Flash flooding is ongoing or expected to begin shortly. HAZARD...Flash flooding caused by thunderstorms. SOURCE...Radar indicated. IMPACT...Flash flooding of small creeks and streams, urban areas, highways, streets and underpasses as well as other poor drainage and low-lying areas. * Some locations that will experience flash flooding include... Magdalena. This includes Highway 60 between Mile Markers 100 and 119.",https://m.ai6yr.org/@flashflood_bot/117334223823188838,,
01M3EHEY7Q8GYEA45YWRTQKC40,01M2ZEKKQD43NM5XS2JK6Y1DZ0,Flood in Mexico,mastodon,flashflood_bot@m.ai6yr.org,"#NWS #flood #nwsflashflood #FlashFloodWarning Flash Flood Warning for Lincoln, NM #NMwx FFWABQ The National Weather Service in Albuquerque has issued a * Flash Flood Warning for... Southeastern Lincoln County in central New Mexico... * Until 645 PM MDT. * At 349 PM MDT, Doppler radar indicated thunderstorms producing heavy rain across the warned area. Up to 1.25 inches of rain have fallen. Additional rainfall amounts up to 0.75 inches are possible in the warned area. Flash flooding is ongoing or expected to begin shortly. HAZARD...Life threatening flash flooding. Thunderstorms producing flash flooding. SOURCE...Radar indicated. IMPACT...Life threatening flash flooding of creeks and streams, urban areas, highways, streets and underpasses. * Some locations that will experience flash flooding include... Tinnie, Hondo and Sunset. This includes U.S. Highway 380 between Mile Markers 284 and 300.",https://m.ai6yr.org/@flashflood_bot/117333893280981412,,
01M3EHEY7RW6MGBX3BFPYJA3TE,01M2ZEKKQD43NM5XS2JK6Y1DZ0,Flood in Mexico,mastodon,flashflood_bot@m.ai6yr.org,"#NWS #flood #nwsflashflood #FlashFloodWarning Flash Flood Warning for Santa Fe, NM #NMwx FFWABQ The National Weather Service in Albuquerque has issued a * Flash Flood Warning for... West Central Santa Fe County in north central New Mexico... * Until 515 PM MDT. * At 220 PM MDT, Doppler radar indicated thunderstorms producing heavy rain across the warned area. Up to 1 inch of rain has fallen. The expected rainfall rate is 1 to 1.5 inches in 59 minutes. Additional rainfall amounts up to 0.75 inches are possible in the warned area. Flash flooding is ongoing or expected to begin shortly. HAZARD...Flash flooding caused by thunderstorms. SOURCE...Radar indicated. IMPACT...Flash flooding of small creeks and streams, urban areas, highways, streets and underpasses as well as other poor drainage and low-lying areas. * Some locations that will experience flash flooding include... Eldorado At Santa Fe, Cerrillos Hills State Park, Los Cerrillos, Madrid, and Gallisteo Creek.",https://m.ai6yr.org/@flashflood_bot/117333562994624244,,
01M3EHEVC20QK6JG171PF3RKV8,01M2ZEKKPXVGW16K03Z9WF0KB9,Forest fires in Indonesia,mastodon,Dragofix@veganism.social,"In Southeast Asia, residents grapple with life under Indonesia’s wildfire haze https://news.mongabay.com/2026/09/in-southeast-asia-residents-grapple-with-life-under-indonesias-wildfire-haze/ #Asia #Indonesia #environment #wildfire #wildfires",https://veganism.social/@Dragofix/117326877231915718,,
01M3EHEVC4RFSBGYT3VJYNJ4F6,01M2ZEKKPXVGW16K03Z9WF0KB9,Forest fires in Indonesia,mastodon,Dragofix@veganism.social,Indonesia’s most dangerous fires are burning underground https://www.sciencedaily.com/releases/2026/09/260904000318.htm #Indonesia #environment #wildfire #wildfires,https://veganism.social/@Dragofix/117283976906083842,,
01M3EHEVC4RFSBGYT3VJYNJ4F7,01M2ZEKKPXVGW16K03Z9WF0KB9,Forest fires in Indonesia,mastodon,Dragofix@veganism.social,Wildfires on doorstep of Indonesia’s new capital as environmental and health crisis flares https://news.mongabay.com/2026/09/wildfires-on-doorstep-of-indonesias-new-capital-as-environmental-and-health-crisis-flares/ #Indonesia #environment #wildfire #wildfires #health #PublicHealth,https://veganism.social/@Dragofix/117283793013552750,,
01M3EHEVC5WD2G8C31G3CW2DBF,01M2ZEKJXC9BWQ77E9WTRV68AP,Forest fires in Indonesia,mastodon,Dragofix@veganism.social,Children’s health at risk in south Borneo as El Niño intensifies Indonesia wildfires https://news.mongabay.com/2026/09/childrens-health-at-risk-in-south-borneo-as-el-nino-intensifies-indonesia-wildfires/ #Indonesia #Borneo #environment #ElNino #wildfire #wildfires,https://veganism.social/@Dragofix/117278173515325289,,
01M3EHEF9S9D7472QX4ND572D5,01M3D4QD2YEN3JF0H1G5521EGY,Hurricane Nolo,mastodon,BakerRL75@m.ai6yr.org,"#NOLO #Hurricane #SevereWeather #Hawaii From County of Hawai’i on FB: Mayor’s Update: September 25, 2026 Let’s talk Hurricane Nolo, Puhi Bay Update, Downtown Hilo Improvements, Pahoa Lifeguard Course, and Earthquake Assistance. —— Shelters Currently Open • Yano Hall, 82-6156 Māmalahoa Highway, Captain Cook • Nāʻālehu Elementary School gym, 95-5545 Mamalahoa Highway, Nāʻālehu • Robert N. Herkes Gym, 96-1219 Kamani St., Pāhala • Keaʻau Armory, 16-512 Volcano Road, Keaʻau • Honoka‘a Gym, 45-541 Lehua St., Honoka‘a • Pāpa‘aloa Park Annex, 35-1994 Government Main Road, Pāpa‘aloa • Pu‘u‘eo Community Center, 145 Wainaku St., Hilo • Kahilu Town Hall, 67-1182 Lindsey Road, Waimea • Ocean View Community Center, 92-8924 Leilani Circle, Ocean View —— Earthquake damage assistance is available: • Yano Hall, 82-6156 Mamalahoa Hwy, Captain Cook, Mon - Thurs, 10 a.m. -6 p.m. • Kealakekua Library, 81-6619 Mamalahoa Hwy, Kealakekua, Friday, noon - 4 p.m. • Hanama Place, 75-5706 Kuakini Hwy, #101, Kailua-Kona (behind Big Island Grill), Mon-Fri, 9 a.m. - 6 p.m.; Saturday, 9 a.m. - 2 p.m.",https://m.ai6yr.org/@BakerRL75/117334951287548869,,
01M3EHEF9WCATYS2EVPDPDAM0Z,01M3D4QD2YEN3JF0H1G5521EGY,Hurricane Nolo,mastodon,MiBaWi@m.ai6yr.org,#Hurricane #Nolo Viewer >> The Hawaiʻi Mesonet – Hawaiʻi Climate Data Portal team at University of Hawaiʻi launched a new website that provides easy access and up-to-date rainfall and wind observations from stations throughout the state. https://www.hawaii.edu/climate-data-portal/nolo-mesonet-viewer/,https://m.ai6yr.org/@MiBaWi/117333565149115725,,
01M3EHEF9XAPKJ9WNEZK8D4AMB,01M3D4QD2YEN3JF0H1G5521EGY,Hurricane Nolo,mastodon,MiBaWi@m.ai6yr.org,#Hurricane #Nolo: List of #Hawaii closures & cancellations https://www.hawaiinewsnow.com/2026/09/23/tropical-storm-nolo-list-hawaii-closures-cancellations/,https://m.ai6yr.org/@MiBaWi/117333547908845686,,
01M3EHEF9YM0Z946F9FQ61H8H5,01M3D4QD2YEN3JF0H1G5521EGY,Hurricane Nolo,mastodon,lindseyslatertv.bsky.social@bsky.brid.gy,"Tracking Hurricane Nolo as it skirts the Hawaiian Islands. While not a direct hit, the impacts include catastrophic and life threatening flooding for the east side of the Big Island. #hiwx #nolo #hurricane --9.25.26--",https://fed.brid.gy/r/https://bsky.app/profile/did:plc:3huabxtw35cgxtiybczvm23j/post/3mwdtqkaerw27,,
01M3EHEFA3Q8FVV1MCVCNA0595,01M3D4QD2YEN3JF0H1G5521EGY,Hurricane Nolo,mastodon,ai6yr@m.ai6yr.org,"Hawaii News Now: Tropical Storm Nolo: List of Hawaii closures, cancellations https://www.hawaiinewsnow.com/2026/09/23/tropical-storm-nolo-list-hawaii-closures-cancellations/ #TropicalStormNolo #HIwx #Hurricane",https://m.ai6yr.org/@ai6yr/117323742981653133,,
01M3EHEFA5KQJS8X2C06WQKDH4,01M3D4QD2YEN3JF0H1G5521EGY,Hurricane Nolo,mastodon,ai6yr@m.ai6yr.org,"Tropical Storm Nolo (soon Hurricane Nolo) Key Messages: 1. Tropical Storm Nolo is expected to strengthen into a hurricane on Thursday as it moves northward, potentially making its closest approach to the Big Island of Hawaii on Saturday. A Hurricane Watch is now in effect for the Big Island, and residents there should follow advice given by local officials, including evacuating if told to do so. 2. The time to prepare for significant heavy rain and flooding impacts on the Big Island is now, as heavy rain becomes more likely by Thursday and Friday. Periods of heavy rain are likely to continue across the Big Island and Maui through the weekend. Life-threatening, catastrophic flooding and mudslides are possible, especially in areas of steep terrain across the Big Island and Maui. Across the remainder of Hawaii, lesser rainfall totals are expected, with isolated flooding possible. 3. Large and damaging waves are possible along the coast of the Big Island into the weekend. 4. Interests elsewhere in Hawaii should closely monitor the latest forecast updates and ensure that they have their preparedness plan in place. https://www.nhc.noaa.gov/text/refresh/HFOTCDCP2+shtml/232056.shtml #Hiwx #hurricanenolo #nolo #hurricane #tropicalwx #elnino",https://m.ai6yr.org/@ai6yr/117322988032677555,,
01M3EHEFA5KQJS8X2C06WQKDH5,01M3D4QD2YEN3JF0H1G5521EGY,Hurricane Nolo,mastodon,mappingsupport@m.ai6yr.org,"Hurricane watch for Hawaii. For details from NOAA, including the timing, open the map, click/tap colored area, follow the link. Since the spot you clicked might have more than one type of weather watch/warning, scroll down in the popup since each type of watch or warning has its own link for the details. Open GISsurfer map: https://mappingsupport.com/p2/gissurfer.php?center=19.106218,-156.293701&zoom=7&basemap=USA_basemap&overlay=Country,State_boundary,Forecast_error_cone,Hurricane/Storm_observed_track,Hurricane/Storm_observed_position,Hurricane/Storm_forecast_track,Hurricane/Storm_forecast_position,Weather_watch_warning&data=https://mappingsupport.com/p2/special_maps/disaster/USA_weather.txt #HurricaneNolo #Hurricane #Nolo #HIwx #SevereWx",https://m.ai6yr.org/@mappingsupport/117322837650516533,,
01M3EHEV5T8JCPP86EH3ZTAM2A,01M2ZEKJ958KD001KFPBZPNWX0,Tropical Cyclone DUJUAN-26,mastodon,atomicker@mstdn.ca,"""Typhoon Dujuan floods fields, damages crops in Chiba"" ""Some rice fields near Lake Inbanuma in Chiba Prefecture are still completely underwater three days after wind and rain from Typhoon Dujuan swept through the area."" https://www3.nhk.or.jp/nhkworld/news/video/20260924170009267/ #Typhoon #TyphoonDujuan #Chiba #Japan #NHK",https://mstdn.ca/@atomicker/117327887726281661,,
01M3EHEV5T8JCPP86EH3ZTAM2C,01M2ZEKJ958KD001KFPBZPNWX0,Tropical Cyclone DUJUAN-26,mastodon,atomicker@mstdn.ca,'People in eastern Japan are reeling after Typhoon Dujuan dumped record amounts of rain on the region earlier this week. Ten people have died and four are still unaccounted for': https://www3.nhk.or.jp/nhkworld/news/20260923de51947/ #TyphoonDujuan #Typhoon #Chiba #Kanagawa #Japan,https://mstdn.ca/@atomicker/117322186154070211,,
01M3EHEV5VFADWH9C1ND2PZ6P1,01M2ZEKJ958KD001KFPBZPNWX0,Tropical Cyclone DUJUAN-26,mastodon,dromografos@social.dromografos.report,"#Floods, #landslides and #storms: Typhoon Dujuan ravages #Japan – in pictures https://www.theguardian.com/community/gallery/2026/sep/23/typhoon-dujuan-japan-floods-landslides-storms-gallery-in-picturesSix people have died as the #typhoon hit the Chiba and Kanagawa prefectures with potentially record-breaking rainfall to come as the storm nears Tokyo",https://social.dromografos.report/notes/arh4bezgzc9n2lsr,,
01M3EHEV5VFADWH9C1ND2PZ6P3,01M2ZEKJ958KD001KFPBZPNWX0,Tropical Cyclone DUJUAN-26,mastodon,bbc_news@robot.villas,Four dead after powerful Typhoon Dujuan lashes Japan https://www.bbc.co.uk/news/articles/cm3wj2lexl97o?at_medium=RSS&at_campaign=rss #WorldNews #Weather #Typhoon,https://www.bbc.co.uk/news/articles/cm3wj2lexl97o?at_medium=RSS&at_campaign=rss,,
01M3EHEV5VFADWH9C1ND2PZ6P4,01M2ZEKJ958KD001KFPBZPNWX0,Tropical Cyclone DUJUAN-26,mastodon,shonin@c.im,Millions urged to evacuate as #Typhoon #Dujuan hits #Japan https://www.bbc.com/news/articles/cm3wj2lexl97o,https://c.im/@shonin/117312552709139729,,
01M3EHEV5VFADWH9C1ND2PZ6P5,01M2ZEKJ958KD001KFPBZPNWX0,Tropical Cyclone DUJUAN-26,mastodon,uccawx@m.ai6yr.org,"Typhoon Dujuan brings record rainfall to eastern Japan, JMA issues Level 5 landslide warning for Oshima Rainfall on Oshima reached 600 mm (23.6 inches) in the 24 hours ending at 14:00 LT (05:00 UTC) on September 21, 2026, as Typhoon Dujuan passed the Izu Islands and approached eastern Japan. The record rainfall prompted a Level 5 landslide special warning, while flooding, landslides and transport disruption affected parts of the Kanto region. #weather #typhoon #Dujuan #Japan https://watchers.news/2026/09/21/typhoon-dujuan-brings-record-rainfall-to-eastern-japan-jma-issues-level-5-landslide-warning-for-oshima/",https://m.ai6yr.org/@uccawx/117311133887908420,,
01M3EHEV5WSXBTJ11GM7HSRNFJ,01M2ZEKJ958KD001KFPBZPNWX0,Tropical Cyclone DUJUAN-26,mastodon,fllics,"LIVE: Typhoon Dujuan approaches eastern Japan Typhoon Dujuan was approaching Japan's Pacific coast, bringing torrential rain, violent winds and a heightened risk of landslides across the ‌Kanto region and other parts of eastern Japan, the weather agency said. #TyphoonDujuan #Japan #rain #landslide #typhoon #weather #live #Reuters #news Keep up with the latest news from around the world: https://fllics.com/zh/video/live-typhoon-dujuan-approaches-eastern-japan/",https://mastodon.social/@fllics/117307738951703335,,
01M3EHEV89Y81RWYXFVMSHD2S2,01M2ZEKJ958KD001KFPBZPNWX0,Tropical Cyclone DUJUAN-26,mastodon,lydiaschoch,Thinking of everyone in Tokyo who is currently dealing with Typhoon Dujuan. 💜 #Tokyo #Typhoon #Dujuan,https://mastodon.social/@lydiaschoch/117310887496801241,,
01M3EHEFBGVE44QPYBZNH17ZBQ,01M3D4QBQVKX1XBSNESKEJDVCP,Tropical Cyclone POLO-26,mastodon,uccawx@m.ai6yr.org,"Hurricane Polo brings heavy rain to Mexico, NHC forecasts Baja California approach Hurricane Polo’s outer rainbands brought heavy rain to southwestern Mexico on September 24, 2026, with a Tropical Storm Warning in effect from Tecpan de Galeana to Manzanillo. Mexico had extended the warning westward overnight as the Category 5 hurricane remained offshore, bringing a risk of flooding, mudslides and dangerous coastal conditions. Polo is forecast to approach the Baja California Peninsula as a hurricane early in the week beginning September 28. #weather #hurricane #Polo #BajaCAwx https://watchers.news/2026/09/24/hurricane-polo-brings-heavy-rain-to-mexico-nhc-forecasts-baja-california-approach/",https://m.ai6yr.org/@uccawx/117328591432762593,,
01M3EHEFBHN3BX4GXK4PAX6VEY,01M3D4QBQVKX1XBSNESKEJDVCP,Tropical Cyclone POLO-26,mastodon,mirror.co.uk@web.brid.gy,'Very powerful' Hurricane Polo upgraded to category 5 as 'major' fears grow in Mexico https://fed.brid.gy/r/https://www.mirror.co.uk/news/world-news/hurricane-polo-mexico-category-five-37696113,https://fed.brid.gy/r/https://www.mirror.co.uk/news/world-news/hurricane-polo-mexico-category-five-37696113,,
01M3EHEFBJQ0JH873R8HAPA4DW,01M3D4QBQVKX1XBSNESKEJDVCP,Tropical Cyclone POLO-26,mastodon,uccawx@m.ai6yr.org,HURRICANE POLO ...STRENGTHENING POLO NEARS CATEGORY 5 INTENSITY... ...OUTER RAINBANDS BRINGING HEAVY RAINFALL TO COASTAL PORTIONS OF SOUTHWESTERN MEXICO... #weather #hurricane #Polo #Mexicowx https://www.nhc.noaa.gov/refresh/graphics_ep2+shtml/232347.shtml?cone#contents,https://m.ai6yr.org/@uccawx/117323160235943234,,
01M3EHEFBK1ZWGC2RZE3RV4T57,01M3D4QBQVKX1XBSNESKEJDVCP,Tropical Cyclone POLO-26,mastodon,mirror.co.uk@web.brid.gy,Hurricane Polo becomes one of world's most intense storms ever thanks to El Nino effect https://fed.brid.gy/r/https://www.mirror.co.uk/news/world-news/hurricane-polo-becomes-one-worlds-37694432,https://fed.brid.gy/r/https://www.mirror.co.uk/news/world-news/hurricane-polo-becomes-one-worlds-37694432,,
01M3EHEFBK1ZWGC2RZE3RV4T58,01M3D4QBQVKX1XBSNESKEJDVCP,Tropical Cyclone POLO-26,mastodon,10tv.com@web.brid.gy,'One of the strongest storms ever': Hurricane Polo is churning off Mexico's Pacific coast https://fed.brid.gy/r/https://www.10tv.com/article/news/nation-world/hurricane-polo-dangerous-tropical-storm-cyclone-pacific-ocean-mexico/507-f422d19c-1dbe-4672-9bc4-4181b5618de9,https://fed.brid.gy/r/https://www.10tv.com/article/news/nation-world/hurricane-polo-dangerous-tropical-storm-cyclone-pacific-ocean-mexico/507-f422d19c-1dbe-4672-9bc4-4181b5618de9,,
01M3EHEFBK1ZWGC2RZE3RV4T5A,01M3D4QBQVKX1XBSNESKEJDVCP,Tropical Cyclone POLO-26,mastodon,uccawx@m.ai6yr.org,"Hurricane Polo intensifies to Category 5, heavy rainfall threatens southwestern Mexico Hurricane Polo intensified to Category 5 south of southwestern Mexico on September 22, 2026, reaching maximum sustained winds of 260 km/h (160 mph) at 12:00 UTC before strengthening further to 270 km/h (165 mph) by 15:00 UTC, according to the US National Hurricane Center (NHC). A Tropical Storm Warning was in effect for part of the southwestern Mexican coast, while heavy rainfall through September 24 threatened life-threatening flooding and mudslides in Guerrero and Michoacán. #weather #hurricane #Polo #Mexicowx https://watchers.news/2026/09/22/hurricane-polo-intensifies-to-category-5-heavy-rainfall-threatens-southwestern-mexico/",https://m.ai6yr.org/@uccawx/117317764657975016,,
01M3EHF6GS60X40222DCM6JS4Y,01M2ZEKMB13YHZ5WVJHPFYV8QB,"Wildfire Calvary Creek, Washita, Oklahoma",mastodon,JustToOdd@nerdculture.de,"Watching helicopter coverage of Caddo County wildfire on KOCO stream. I have no doubt the camera work is tricky. The consistently bad framing, leading and zoom have me continuously cringing and wishing I had some ability to fix it. #Wildfire #KOCO #Oklahoma #CaddoCounty",https://nerdculture.de/@JustToOdd/117277589252756015,,
01M3EHF6KYHDN34E3RTJMEGPT1,01M2ZEKMBG32CX2WRK1G68JE72,"Wildfire FLORISTON, Nevada, California",mastodon,j@janerationx.xyz,"Another month, another goddamn fire. At least this one is farther away. https://app.watchduty.org/i/120733 #FloristonFire #Wildfire #California",https://janerationx.xyz/@j/117282804503228109,,
